species,"layer (VP - vascular, B - bryophyte, L - lichen)",Farm A 1,Farm A 2,Farm A 3,Farm A 4,Farm A 5,Farm A 6,Farm A 7,Farm A 8,Communal 1,Farm A 10,Farm A 13,Farm B 1,Farm B 2,Farm B 3,Farm B 4,Farm B 5,Farm B 6,Farm B 7,Communal 2,Farm C 1,Farm C 3,Farm C 6,Farm C 8,Farm C 9,Farm C 10,Farm D 1,Communal 3,Farm D 3,Farm D 4,Farm D 5,Farm D 6,Communal 4,Farm D 8,Communal 5,Farm D 10,Farm E 1,Farm E 2,Farm E 3,Farm E 4,Farm E 5,Farm E 6,Farm E 7,Farm F 1,Farm F 2
Acer pseudoplatanus,VP,,,,,,,,,,,,,0.2,0.1,,,,,,,,,,,,,,,,,,,,,,,,,,,,,,
Achillea millefolium aggr.,VP,12,0.1,1,3,0.5,1,0.5,0.5,1,2,0.5,1,3,1.5,2,1,2,6,0.2,3.5,1,2,0.3,0.2,1,1,1,0.5,2,1,0.2,,0.3,0.2,2,1,0.1,1,0.5,2,0.1,2,35,2
Agrimonia eupatoria,VP,,0.1,,,,0.1,,,0.001,,,0.1,,0.1,,,,,,,,,0.5,1,,,0.1,,0.2,,,,,,0.1,,,,,,,,,
Agrostis capillaris,VP,5,18,5,0.5,,,,0.2,2,,,2,15,25,20,5,,1,10,6,30,40,10,,2,0.2,0.1,,5,,,,1,,15,0.5,0.5,5,3,20,5,8,55,15
Ajuga genevensis,VP,0.01,,0.1,0.1,0.2,0.01,,0.1,,,0.1,,,,,,0.2,,,0.05,,,,0.5,,,,,0.2,1,0.01,0.001,0.2,0.01,,,,,,,,0.1,,
Alchemilla acutiloba,VP,,,,,,,,,,,,,,,,,,,,,,,,,,,,,,,,,,,0.1,,,,,0.1,,,,
Allium carinatum,VP,,,,,,,0.001,,,,,,,,,,,,,,,,,,,,,,,,,,,,,,,,,,,,,
Allium oleraceum,VP,,,,0.001,,,,,,,,,,,,,,,,,,,,,,,,,,,,,,,,,,,,,,,,
Anacamptis coriophora,VP,,0.1,0.001,,,,,,,0.001,,,,,0.01,,,,,0.2,,,,,,,,,,,,,,,,,,,,,,0.01,,
Anacamptis morio,VP,,,0.5,,,,,,,,,0.3,,,,,0.001,,,,,,,0.001,,,,,,,,,,,,,,,,,,1,,
Anacamptis pyramidalis,VP,,,,,,,,,,,,,,,,,,,,,,,,,,0.05,,1,,,,,,,,,,,,,,,,
Antennaria dioica,VP,,,,,,,,,,,,,,,,,,,,,,,,,,,,,,,,,,0.001,,,,,,,,,,
Anthemis arvensis,VP,,,,,,,,,,,,,,,,,,,,,,,,,,,,,,,,,,,,,,,,,,,0.1,
Anthoxanthum odoratum,VP,7,5,2,2,,,0.3,1,5,0.5,0.5,4,1.5,10,2.5,3,0.1,1,,0.5,5,4,0.5,,1,5,3,1,0.1,2,,,1,0.1,0.5,0.3,1,1.5,3,7,2,2,1,5
Anthriscus sylvestris,VP,,0.1,,0.1,,,,,,,,,,,,,,,,,,,,,,,,,,,,,,,,0.5,,,,,,,,
Anthyllis vulneraria,VP,,,0.1,,,1,,,,0.5,,,,,,0.1,0.3,,,,,,,5,0.1,1,0.01,1,,,0.1,,,0.2,,,,,,,,5,,
Arabidopsis sp.,VP,,,,,0.001,,,,,,,,,,,,,,,,,,,,,,,,,,,,,,,,,,,,,,,
Arabis hirsuta,VP,,,,0.05,0.01,0.001,,,,0.001,0.001,0.001,,,,,0.001,,,0.05,,,0.1,,,,,0.1,,0.1,0.1,,,0.05,,,0.1,,,,,,,
Arenaria serpyllifolia,VP,,,,,0.01,0.01,,,,,0.01,0.1,,,,0.1,,0.01,0.2,,,,0.5,0.001,,,0.01,0.2,,0.5,0.001,,,0.01,,,,,,,,,,
Arrhenatherum elatius,VP,,,0.5,1,,,,,,,,,,0.1,,,,,,,,,,,,,,,,,,,,,,,,,,,,1,,
Asperula cynanchica,VP,,,,,,0.2,,,0.1,0.5,,,,,,,,0.01,0.3,0.2,,,,0.5,,2,1,0.1,,0.01,0.7,0.001,0.5,0.01,,,,0.5,0.5,,0.2,,,
Astrantia major,VP,,,,,,,,,,,,,,,,,,,,,,,,,,,,,0.1,,,,,,,,,,,,,,,
Avenella flexuosa,VP,,,,,,,,,,,,,,,,,,,,,,,,,,,,,,,,,,,,,,,,,,,,0.5
Bellis perennis,VP,4,,,,,,,,,,,,,,,,,,,,,,,,,,,,0.001,,,,,,,,,,,,,,,
Bothriochloa ischaemum,VP,,,,,,,,,,,,,,,,,,,0.1,,,,,,,,,,,,,5,,,,,,,,,,,,
Brachypodium pinnatum,VP,,,,,,,,4,,0.5,,,0.2,1,,4,,1,,0.1,,,,,,0.5,0.5,,,0.2,20,,,,,,0.5,5,10,,3,,,
Brachypodium sylvaticum,VP,,,,,,,,,,,,,,,,,,,,,,,,,,,,,,,,,,,,,,,,,,,,
Briza media,VP,,1.5,3,,,3,0.3,1,0.1,3,3,4,0.5,3,5,3,5,1,0.1,,1,0.5,1,4,3,10,2,4,0.5,0.1,20,,3,0.1,0.2,,1,3,3,,1.5,0.5,,3
Bromus hordeaceus,VP,,,,0.5,,,,,,,,,,,,,,,,,,,,,,,,,,0.1,,,,,,2,,,,,,,1,
Bromus racemosus,VP,,,,,,0.001,,,,,,,,0.01,,0.1,,,,0.001,,,8,,,,,,,1,,,,,,,0.5,,,,,,,
Bunias orientalis,VP,,,,3,,,,,,,,,,,,,,,,,,,,,,,,,,,,,,,,,,,,,,,,
Campanula cervicaria,VP,,,,,,,,,,,,,,1,,,,,,,,,,,,,,,,,,,,,,,,,,,,,,
Campanula glomerata,VP,,0.01,,,,,,3,,0.2,,,0.2,,,,,0.01,,,,,,,,,,,,,,,0.2,,,,,0.2,0.2,,,,,
Campanula patula,VP,0.5,,,0.001,,,,,,,0.01,0.05,0.2,0.5,0.1,0.1,0.1,,,,0.05,,,,,,,,,,,,,,0.001,,,0.001,0.001,0.01,,,0.5,
Campanula persicifolia,VP,,,,,,,,0.5,,,,,,,,,,,,,,,,,,,,,,,,,,0.05,,,,0.001,0.1,,,,,
Campanula rapunculoides,VP,,,,,3,,,,,,3,,,,,,0.1,,,,,,,1,,0.1,,0.2,,0.01,0.2,,0.2,,,,0.01,,,0.1,,,,
Capsella bursa-pastoris,VP,,,,,,,,,,,,,,,,,,,,,,,,,,,,,,,,,,,,,,,,,,,,
Cardamine amara,VP,,,,,,,,,,,,,,,,,,,,,,,,,,,,,,,,,,,,,,,,,,,,
Carduus nutans,VP,,,,,,,,,,,,,,,,,,,0.3,,,,,,,,,,,,,,,,,,,,,,,,,
Carex caryophyllea,VP,,3,1,,,5,2,4,2,7,3,0.5,2,2,4,0.1,2,2.5,20,5,0.5,0.3,3,5,0.2,0.2,1,5,1,0.5,4,2,1,3,1,,1,0.1,0.1,0.1,1,2,,
Carex depressa subsp. transsilvanica,VP,,,,,,,,,,,,,,,,,,,,,,,,,,,,,,,,,,,,,,,,,,,,
Carex filiformis,VP,,,,,,,,0.5,,0.5,,,0.01,,,,0.1,,,,,,,,,1,,,,0.1,0.5,,0.01,,,,,0.1,,,0.5,,,
Carex leporina,VP,,,,,,,,,,,,,,,,,,,,,,,,,,,,,,,,,,,,,,,,,,,0.1,
Carex michelii,VP,,,,,,0.1,,0.5,,,,,,,,,,,,,,,,,,,,,,,,,,,,,,,,,,,,
Carex montana,VP,,,,,,,,0.5,,0.5,,0.2,,,,15,0.1,0.1,,,1,,,,,20,8,0.1,2,2,1.5,0.5,15,3,3,,,20,25,,15,0.01,,
Carex pallescens,VP,2,2,3,,,,,1,,1,1,2,4,6,1,,,,,,0.2,0.2,,,,,,,0.1,,,,,,1,,,,0.1,0.01,0.1,,,3
Carex pilulifera,VP,,,,,,,,,,,,,,,,,,,,,,,,,,,,,,,,,,,,,,,,,,,,0.5
Carex spicata,VP,,,,0.001,,,,,,,,,,,,,,,,,,,,,,,,,,,,,,,,0.3,,,,,,,,
Carlina acaulis,VP,,,,,,,,,0.1,0.01,,,,,,,,,,,,,,,,0.5,0.2,,,,,,,0.01,0.5,,,1,,,,,,
Carlina vulgaris,VP,,,,,,,,,,,,,,,,,,,,,,,,,,,,,,,,,,,,,,,,,,,,
Carum carvi,VP,,,,1.2,0.3,,,,,,,,,,,,,,,,,,,,,,,,,,,,,,,0.5,,,,0.1,,,,
Centaurea phrygia aggr.,VP,20,1,3,0.5,,1,3,2,,0.3,1.5,0.5,1,2,2,1,0.1,3,0.05,,0.2,3,,,0.2,0.5,0.1,0.7,2,,1,,1,0.1,1,0.5,1,2,0.2,5,6,2,10,1
Centaurea scabiosa,VP,,,,,0.2,2,0.2,,,,0.1,,3,4,,2,4,0.5,,2.5,,1,1,0.5,1,1.5,,3,,2,2,,3,1,0.2,,,5,2,,4,,,
Centaurea stoebe,VP,,,,,,,,,,,,,,,,,,,,,,,,,,,0.01,,,,,,,,,,,,,,,,,
Centaurium erythraea,VP,1,0.1,,,,,,,,,,,,,,,,,,,,,,,,,,,,,,,,,,,,,,,0.1,,,
Cerastium brachypetalum subsp. brachypetalum,VP,,0.1,,,,,,,,,,,,,,,,,,,,,,,,,,,,,,,,,,,,,,,,,,
Cerastium fontanum subsp. vulgare,VP,2,0.3,1,0.1,0.5,0.5,0.1,,0.1,0.1,0.2,1,0.5,1,,0.2,0.1,0.5,0.03,0.001,0.5,,0.3,,0.2,0.01,0.1,0.5,0.1,0.5,0.001,,,,,0.5,0.5,,,0.001,,,2,4
Cerastium pumilum subsp. glutinosum,VP,,,,,0.1,0.001,,,,,0.1,0.01,,0.01,,0.01,,0.1,0.05,0.1,,,,,,,,0.1,,,,,,,0.01,0.001,,,,,,,,0.01
Lipandra polysperma,VP,,,,,,,,,,,,,,,,,,,,,,,,,,,,,,,,,,,,,,,,,0.01,,,
Cichorium intybus,VP,2,,,,,,,,,,,,,,,,,,,,,,0.3,,,,,,,,,,,,,,,,,1,,,0.1,
Clinopodium acinos,VP,,,,,,,,,,,,,,,,,,,,,,,,,,,,,,,,,,0.01,,,,,,,,,,
Clinopodium vulgare,VP,,,,0.4,,,,,,,,,,,,,,,,,,,,,,,,,,,,,,,,,,,,,,,,
Cirsium arvense,VP,,,,,,,,,,,,,,,,,,,,,,,,,,,,,0.1,,,,,,,2,,,,,,,,
Cirsium vulgare,VP,,,,,,,,,,,,,,,,,,,,,,,,,,,,,0.1,,,,,0.01,,,,,,,,,,
Colchicum autumnale,VP,,,0.2,0.2,,,0.1,,,0.5,0.2,0.5,,,,0.001,12,,,1,,,,,1,12,,0.1,,2,0.001,,,,,,,1,0.1,1,,,,
Convolvulus arvensis,VP,,0.3,,3,,0.1,0.1,,,,0.2,0.01,,,,,0.1,,0.001,0.3,,,1,1,1,,,,,2,,,,,,5,0.5,,,3,,4,,
Corylus avellana,VP,,,,,,,,,,,,,,,,,,,,,0.7,,,,,,,,,,,,,,,,,,,,,,,
Crataegus monogyna,VP,,,1,,,0.1,,,,,,,0.5,0.3,2,0.1,,,,0.05,0.2,,0.2,1,,,0.5,,0.2,0.5,,,0.5,,0.2,,0.5,,,,0.2,,,0.2
Crepis biennis,VP,,1,,3,0.1,,,,,,2,,,0.1,,,0.5,,,0.2,,,,,,1,,,,0.5,0.5,,,,,20,3,,,10,,,,
Cruciata glabra,VP,,0.1,1,0.1,,,,4,,,,0.01,2.5,3,1,0.1,,0.1,,,3,4,,,,0.8,0.1,0.001,0.5,1,,0.1,1,0.001,1,,0.5,0.1,0.1,,0.1,0.01,,1
Cuscuta sp.,VP,,0.01,,,,,,,,,,,,,0.001,,,,,,,,,,,,,,,,,,,,,,,,,,,0.001,,0.001
Cynodon dactylon,VP,,,,,,,,,,,,,,,,,,,,,,,,,,,,,,,,,,,,,,,,,,,,
Cynosurus cristatus,VP,20,1.5,,0.5,0.1,,,0.2,1.5,,1,3,,1,1,1,0.1,1,,0.1,0.1,0.5,2,,0.1,0.5,2,2,3,1,,,,,3,3,1,1,0.1,0.5,,0.01,0.1,
Dactylis glomerata,VP,2,0.1,1,10,35,2,,2,,2,5,1,1,1,0.5,,0.5,1.2,,0.5,,,2,1.5,1,0.3,0.01,2,0.5,1,0.7,,,,2,3,2,1,0.1,15,0.2,0.1,3,
Danthonia alpina,VP,,1,1,0.01,,5,0.2,,,5,,,,0.5,,5,0.2,0.5,1,,,,1.5,30,25,1,0.5,,,0.5,0.1,5,5,,0.1,,,1,0.2,,1,0.5,,
Danthonia decumbens,VP,,0.1,0.01,,,,,0.1,5,0.01,,1,,,0.1,,,,0.1,,1,,,,,0.01,1,,,,,0.1,0.1,,3,,,1,1,,1,0.2,,3
Daucus carota,VP,0.5,2,0.2,,,1,,,,0.1,0.5,0.5,0.01,0.5,,,0.2,0.3,,,,,1,0.5,0.5,,,,,,0.3,,,,,0.3,,0.1,,0.1,,0.1,,
Dianthus carthusianorum,VP,,,,,,0.5,0.05,0.5,,,0.05,0.2,,3,1,1,0.3,,,0.5,0.5,0.1,0.5,0.1,1,,,1,0.001,0.01,0.1,,,,,,,,,,,,,0.5
Dorycnium pentaphyllum,VP,,,,,,0.1,0.3,3,,0.7,,,,,,,,,,,,,,,,2,1.5,,,0.01,0.3,,3,0.1,,,,,,,1.5,6,,
Draba verna,VP,,,,,,,,,,,,,,0.001,,,,,,,,,,,,,,,,,,,,,,,,,,,,,,
Echium vulgare,VP,,,,,,,,,,,,,,0.1,,,,,,0.1,,,,,,,0.001,,,,,,,,,,,,0.001,,0.5,,,
Elytrigia repens,VP,,,,,,,,,,,,,,,,,,,,,,,,,,,,,,,,,,,,1,0.5,,,1,,0.2,,
Erigeron acris,VP,,,,,,,,,,,,,,,,,,,,,,,,,,,,,,,,,,0.001,,,,,,,,,,
Erigeron annuus,VP,0.1,0.3,,0.05,,,,,,,,,0.01,1.5,,,0.2,,,0.1,,,,,,,,,,,,,,,,0.5,0.5,,,0.5,,0.3,,
Eryngium campestre,VP,,,,,,,,,,,,,,,,,,,,,,,,,,,,,,,,0.001,,,,,,,,,,,,
Euphorbia cyparissias,VP,,,,,,,0.1,0.01,2,0.01,,,,,,,,0.1,4,,,,,,,,0.001,,,0.1,0.5,0.01,0.1,0.1,,,,,,,,,,
Euphorbia salicifolia,VP,,,,,,,,,,,,,,,,,,,,,,,8,0.01,,,,,,,,,,,,,,,,,,,,
Euphrasia rostkoviana,VP,,,,,,,,,,,,,0.001,0.1,,,,,,,,,,,,0.3,,0.1,0.01,,,,,,,,,0.1,0.3,,,,,
Euphrasia stricta,VP,,,,,,,,,,,,,,,,,,,0.001,0.05,,0.01,,,,,,,,,,,,,,,,,,,,,,
Ferulago sylvatica,VP,,,,,,,,,,,,,,,,,,,,,,,,,,,,,,,,,,,,,,,1,,,,,
Festuca ovina,VP,,,,,,0.5,,,,,,0.1,,,,0.1,,5,12,,,,,,,,,,,,,,,1,,,,,,,,,,
Festuca rubra,VP,5,0.2,,,1,,1,20,1,1,,2,35,10,21,0.01,,1,0.1,0.01,1,3,,,,,,1,,5,0.5,,,,2,,,1,1,0.5,,1,2,5
Festuca stricta subsp. sulcata,VP,,15,35,,5,25,35,,50,25,42,12,,0.1,,10,10,2,15,5,3,7,8,15,20,10,15,13,8,,5,18,5,5,1,,20,3,1.5,,10,10,,2
Festuca valesiaca,VP,,,,,,,,,,,,,,,,,,,,,,,,,,,,,,,,,,,,,,,,,,,,
Filipendula vulgaris,VP,,5,13,0.001,,5,5,27,,3,,5,7,3,2,15,4,2,,10,0.2,0.5,,1.5,25,4,0.1,2,0.5,2,0.1,0.1,5,0.1,5,,0.5,2,0.5,,10,10,,0.8
Fragaria vesca,VP,,,,,,,,0.1,,,,,,0.1,,,,,,,,,,,,,,,,,,,,,,,,,,,,,,
Fragaria viridis,VP,,,,,,,8,,,,0.1,,,,,,,,,3,,,0.1,1,,,,3,,0.5,1,3,0.1,,,,,,,,0.1,,,
Galinsoga ciliata,VP,,,,,,,,,,,,,,,,,,,,,,,,,,,,,,,,,,,,,,,,,,,,
Galium mollugo aggr.,VP,0.01,0.1,,3,1,,,,,0.3,0.3,,,1,,,,,,,,,,,,,,,,,,,,0.1,,2,1,,,3,,0.001,0.05,
Galium verum,VP,,0.5,1,,,,2,1,1,0.5,,0.5,0.2,4,,0.5,0.5,0.5,,1.5,,1,,,,0.2,0.001,,0.2,4,0.1,,1,0.3,0.1,,,5,5,,0.3,2,,0.2
Genista tinctoria,VP,,0.1,0.2,,,,,,,,,,,,0.01,,,,,,,,,,,,,,,,,,,,,,,,4,,,,,0.2
Gentiana cruciata,VP,,,,,,,,,,,,,,,,,,,,,,,,,,0.1,,,,,,,,0.1,,,,,,,,,,
Geranium columbinum,VP,,0.1,,,,,,,,,,,,0.2,,,,,,1,,,0.2,,,,,,,,,,,,,,,,,,,,,
Gladiolus imbricatus,VP,,,,,,,,,,,,,,,,,,,,,,,,,,,,,,,,,,,,,,,0.2,,,,,
Gymnadenia conopsea,VP,,,,,,,,,,,,,,,,,,,,,,,,,,,,,,,,,,,,,,,,,,,,
Helianthemum nummularium subsp. obscurum,VP,,,4,,,,1.7,1,,,,,0.1,,,3,0.5,4,,,2,,,,,0.5,0.7,,,0.2,0.1,,0.5,0.2,,,,3,2,,5,4,,2
Heracleum sphondylium,VP,,,,,,,,,,,,,,,,,,,,,,,,,,,,,0.1,,,,,,,,,,,,,,,
Hieracium lachenalii,VP,,,,,,,,,,,,,,,,,,,,,,,,,,,,,0.1,,,,,,,,,,,,,,,
Holcus lanatus,VP,2,2,0.2,0.5,0.5,,,0.5,,,,0.2,0.5,1,0.1,,,0.5,,,3,2,1,,,0.2,,,,,,,0.01,,,1,0.5,0.1,0.5,5,,0.3,10,0.5
Hypericum maculatum,VP,,,,0.1,,,,,,,0.01,,0.5,0.5,,,,,,,,0.3,,,,,,,0.5,,,,,,,,0.5,0.5,0.3,2,,,,
Hypericum perforatum,VP,,,,,,0.5,,,,0.005,0.01,,,,,,,,,0.01,,,,,,,,,,,0.1,,0.001,0.01,,,,,,,,,,
Hypochaeris maculata,VP,,0.3,,,,,,0.3,,0.2,,0.1,0.1,,0.01,4,,0.2,,,,,,,,1.5,,,,,,,,,0.5,,,1,,,1.5,,,0.1
Hypochaeris radicata,VP,2,2,0.1,,,,,,,,,0.2,0.5,,0.1,0.5,,1,0.1,,1,0.1,,,0.2,,,,0.5,0.1,,,,,0.1,,,,,,,0.3,1,1
Inula hirta,VP,,,,,,,,,,,,,,,,,,,,,,,,,,,,,,,,,0.01,,,,,,,,,,,
Jacobaea vulgaris,VP,,,,,,,,,,,,,,,,,,,,,,,,,,0.5,0.1,,,0.1,,,,,,,,,,,,,,
Juncus effusus,VP,,,,,,,,,,,,,,,,,,,,,,,,,,,,,,,,,,,,,,,,,,,,
Juncus tenuis,VP,,,,,,,,,,,,,,,,,,,,,,,,,,,,,,,,,,,,,,,,,,,,
Knautia arvensis,VP,0.01,0.5,3,2,,2,2,5,,0.5,1,2,0.2,2,0.5,2,2,0.01,,5,3,3,2,2,1,0.1,1,1,0.5,5,0.5,,2,0.1,0.1,0.1,2,1,,7,3,0.5,,
Lathyrus latifolius,VP,,,,,,,,3,,,,0.2,0.5,0.01,,1,0.5,0.5,,,,,,,,3,0.2,,0.001,,,,,,0.01,,,5,8,,,,,
Lathyrus tuberosus,VP,,,,,,,,,,,,,,,,,,,,,,,,,,,,,,,,,,,,,,,,,,,,
Lembotropis nigricans,VP,,0.05,,,,,,,,,,,,,3,2,,,,,,,,,,,,,,,,,4,,,,,,0.001,,6,,,5
Leontodon hispidus subsp. hastilis,VP,,0.2,0.2,,,3,,1,0.3,4,4,5,,2,1,3,1,2,,,,,0.2,0.2,,2,0.1,0.001,3,1,1,,,,2,,5,2,2,1,,0.3,,1
Leontodon hispidus subsp. hispidus,VP,,0.2,0.5,,,1,,0.5,0.3,0.1,0.2,0.1,0.1,0.2,0.1,0.2,1,0.5,,,,0.1,,0.3,,0.5,,0.1,0.5,0.1,1,,,,0.5,,,,,1,,0.2,,0.5
Leucanthemum vulgare aggr.,VP,,0.5,0.2,,0.01,0.001,,0.1,,0.5,0.1,0.2,0.2,0.5,0.2,0.2,0.5,0.5,,,1,0.5,,0.5,0.2,2,0.5,0.3,0.5,1.5,2,,2,,0.1,0.5,5,0.5,0.3,0.8,0.2,0.7,,0.5
Linum catharticum,VP,,,0.01,,,0.005,0.001,0.01,0.05,0.1,0.01,0.1,,0.001,,0.1,0.01,,,0.05,,,,0.2,,2,0.2,0.001,0.1,0.1,2,0.05,0.5,,,,,1,0.2,,2,0.01,,
Lolium perenne,VP,3,0.2,,3,8,,,0.5,,,0.1,,,,,,,3,,,,,5,,,,,,,,,,,,,4,,,,,,,1,
Lotus corniculatus,VP,0.5,0.7,2,0.5,,4,0.8,2,1,2,2,3,0.5,2,1,1,2,0.5,0.01,6,0.5,3,0.3,0.5,0.5,0.8,0.2,0.5,0.5,1,1,,2,0.2,0.5,0.01,2.5,3,2,1.5,0.5,1,,0.5
Luzula campestris,VP,2.5,1.5,1,0.2,0.01,,0.1,0.5,0.2,,0.5,0.5,1,2,2,0.5,0.2,1,0.05,0.1,1,3,0.01,,0.1,1.5,0.01,0.1,0.1,0.1,,0.01,,0.1,0.1,,0.001,0.1,0.1,0.001,0.2,0.1,,0.5
Luzula multiflora,VP,,,,,,,,,,,,,,,,,,,,,,,,,,,,,,,,,,,,,,,,,,,,
Lysimachia nummularia,VP,2,,,,,,,,,,,,,,,,,,,,,,,,,,,,0.1,,,,,,,,,,,,,,,
Lysimachia punctata,VP,,,,,,,,,,,,,,,,,,,,,,,,,,,,,,,,,,,,,,,,,,,,
Lysimachia vulgaris,VP,,,,,,,,,,,,,2,,,,,,,,,0.2,,,,,,,,,,,,,,,,,,,,,,
Malus pumila,VP,,,,,,,,,,,,,,,,,,,,,,,,,,,,,,,,,,,,,,,,,,,,
Medicago falcata,VP,,,,,,,,6,,1.5,,,,,,,0.5,,,,,,0.1,4,5,0.2,0.1,1,,0.1,0.001,,,,,,0.5,,,20,0.2,,,
Medicago lupulina,VP,,0.001,,0.1,0.5,15,0.1,,,0.2,0.5,,,1,,,0.2,,,0.01,,,0.1,1,,0.1,0.001,0.001,,0.01,0.3,0.01,,0.001,,,3,,,,,,,
Medicago sativa,VP,,0.02,,3,33,,2,,,,,0.01,,,,,1,,,3,,,,,,,,,,,,,,,,,,,,2,,,,
Melampyrum arvense,VP,,,,,,,,,,,,,,,,,,,,,,,,,,0.5,0.01,,,,0.1,,0.01,,,,,,,,,,,
Minuartia verna,VP,,,,,,,,,,,,,,,,,,,,,,,,,,,0.001,,,,,,,0.5,,,,,,,,,,
Molinia caerulea,VP,,,,,,,,,,,,,,,,,,,,,0.2,,,,,,,,,,,,,,,,,,1,,,,,0.1
Myosotis arvensis,VP,,,,1,0.001,,,,,,0.001,,,,,0.05,,,,,,,,,,,,,,,,,,,,0.01,,,,,,,,
Nardus stricta,VP,,,,,,,,,,,,,,,,,,,,,1,,,,,,,,,,,,,,,,,,,,,,,
Neottia ovata,VP,0.01,,,,,,,,,,,,,,,,,,,,,,,,,,,,,,,,,,,,,,,,,,,
Neotinea ustulata,VP,,,,,,,,,,,,0.01,,,,,,,,,,,,,,,,,,,,,,,,,,,,,,,,
Ononis spinosa subsp. hircina,VP,,,,,,,,,,,,,,,,,,,,,,,,,,,,,,,,,,,,,,1,0.01,0.3,,,,
Origanum vulgare,VP,,,,,,,,,,,,,,,,,,,,,,,,,,,,,,,,,,,,,,,2,,,,,
Orobanche sp.,VP,,,,,,0.05,,,,,,,,,,,0.01,,,0.05,,,,,,,,,,,,,,,,,,0.1,,,,,,
Oxalis stricta,VP,0.001,0.05,,,,,,,,,,,,,,,,,,,,,,,,,,,,,,,,,,,,,,,,,,
Dichoropetalum carvifolia,VP,,,,,,,,,,,,,0.5,,,,,,,,,,,,,,,,,,,,,,,,,,1,0.8,,,,
Peucedanum oreoselinum,VP,,0.2,,,,,,,,,,0.2,2.5,9,20,5,,2,,0.5,1,35,,,,,0.001,,,,,,5,,1,,,,3,,3,,2,8
Phleum phleoides,VP,,,,,,,0.8,,,,,,,,,,,,,,,,,,,0.3,0.2,,,0.01,,,,0.1,,,,,,,,,,
Phleum pratense,VP,,,,,,,,,,,,,,,,,,,,,,,,,,,,,,,,,,,,,,,,0.5,,,,
Pilosella bauhini,VP,,0.4,0.2,,,0.2,0.05,,,1,,0.1,,0.1,,0.01,,,,,,,,3,0.5,0.01,,,0.1,0.1,,,0.01,,,,,0.1,,,0.2,0.001,,
Pilosella officinarum,VP,,,1,,,0.05,0.1,0.2,20,1,,0.5,,0.3,3,3,,1,8,,1,2,,0.2,,,10,,,,0.005,10,0.1,5,2,,,0.1,,,0.1,1.5,,1.5
Pilosella officinarum x bauhini,VP,,,0.01,,,0.05,,0.01,0.05,1,,,,,,,,,,,,,,,,,,,,,,,,,,,,,,,,,,
Pimpinella saxifraga,VP,,0.5,,0.2,,,,3,,0.1,,0.01,1,2,0.5,0.7,,0.3,,0.2,2,4,0.2,0.1,,0.5,0.1,1.5,1,,,,1,0.2,0.5,,,0.1,1,0.5,0.5,1,,0.2
Plantago lanceolata,VP,3,1,1,1.5,0.5,4,1,3.5,1.5,1,0.5,6,3,5,2,2,0.5,1,2,3,3,2,0.7,5,3,2,1.5,1,1,2,0.1,0.5,2,1,0.8,5,3,2,0.5,0.2,1,1,0.5,1
Plantago media,VP,,0.2,0.01,,0.2,0.1,3,10,0.5,0.2,3,0.3,,,,,6,0.3,,,,,,,0.5,0.01,0.7,,2,0.5,6,,3,0.5,,0.5,,1,0.3,0.2,1,0.3,,
Plantago major,VP,0.5,,,,,,,,,,0.1,,,,,,,,,,,,,,,,,,0.01,,,,,,,,,,,,,,,
Platanthera bifolia,VP,,,0.2,,,,,,,,,,0.05,,,,,,,,,,,,,,,,,,,,,,,,,,,,,,,
Poa annua,VP,,,,,,,,,,,,,,,,,,,,,,,,,,,,,,,,,,,,,,,,,,,,
Poa compressa,VP,,0.001,,,0.01,,,0.01,,,,,,0.2,,,,0.1,0.01,,,,,,,,,,,,,,,0.001,,,,,,,,,0.01,
Poa pratensis,VP,1,0.5,,1,5,,0.5,0.5,0.5,,2,,,,,,0.2,1,,,,,2,,,,,0.01,,,,0.3,,,,0.01,0.5,,,0.5,,,1,
Poa trivialis,VP,,,,0.5,15,,,,,,,,,,,,,,,,,,,,,,,,,,,,,,,2,,,,1,,,8,
Podospermum purpureum,VP,,,,,,,,,,,,,,,,0.01,,,,,,,,,,,,,,,,,,,,,,,,,,,,
Polygala comosa,VP,,0.05,0.2,,,0.5,0.5,3,0.1,0.5,0.1,0.7,,,,0.7,1,,0.001,5,,,0.1,,0.5,0.1,0.1,,,,0.1,,0.1,0.001,0.01,,,0.1,0.2,,0.01,0.2,,
Polygala vulgaris subsp. oxyptera,VP,,,,,,,,,0.001,,,0.01,,0.3,0.1,,,,,,,,,,,,,,,,,,,,,,,,,,,,,
Polygala vulgaris subsp. vulgaris,VP,,0.01,0.01,,,,,0.1,,,,,,0.5,0.5,0.5,,0.2,,,1,0.5,,,,,,,,,,,,,0.2,,,,,,,,,0.2
Potentilla argentea,VP,,0.001,,,,,,,,,0.1,,,,,,0.5,,,0.05,,,0.1,,,,,,,,,,,,,,,,,,,,,
Potentilla erecta,VP,,0.05,0.5,,,,,0.1,,0.01,,0.2,0.7,2,6,0.2,,2,0.05,,0.1,0.1,,,,,,,2,,0.01,,0.5,,2,,,0.1,1,,,,,0.5
Potentilla incana,VP,,,,,,0.1,0.1,,0.5,1.2,,0.3,,,,1,,0.1,6,,,,0.1,0.5,1,,0.5,,,0.01,0.3,1,0.5,0.1,,,,,,,,0.001,,
Potentilla inclinata,VP,,,,,,,,,,,,,,,,,,,,,,,,,,,,,,,,,,,,,,,,,,,,
Primula acaulis,VP,,,,,,,,0.1,,,,,,,,,,,,,,,,,,,,,2,,,,,,,,0.5,0.5,0.1,0.5,,,,
Primula veris,VP,,0.2,2,0.1,,0.1,,3,,,1,,0.5,5,,0.1,6,2.5,,,,,,,,6,1,5,1,1.5,0.1,,,3,4,,,2,,0.2,,,,
Prunella grandiflora,VP,,,,,,,,,,,,,,,,,,,,,,,,,,2,1,,,,1,,3,0.5,,,,,0.1,,,,,
Prunella laciniata,VP,,,,,,0.2,0.3,0.5,1,2,0.001,,0.5,,,2,0.1,1,4,0.5,0.1,,,0.5,,,2,0.01,,1,0.5,0.5,1,0.5,,,,,,,1,0.5,,
Prunella vulgaris,VP,6,8,0.5,1,0.5,,,0.2,0.1,0.5,0.1,1,1.5,0.2,,,0.5,0.5,,,1,0.3,0.1,,,,,0.1,3,2,0.3,,,,3,1,0.5,1,1,1,,,,
Prunella x intermedia,VP,,,,,,,,,,,,,,,,,,,,,,,,,,0.1,,,,,,,,,,,,0.1,,,,,,
Prunus sp.,VP,,,0.1,,,,,,,,,,,,,,,,,,1,,,2,0.01,,,0.01,,,,,,,,,1,0.1,,0.1,,,,0.01
Pteridium aquilinum,VP,,,,,,,,,,,,,,,,,,,,,,,,,,,,,,,,1,,,,,,,,,,,,
Ranunculus acris,VP,1,,,1,,,,,,,,,0.2,,,,,,,,,0.1,,,,,,,,,,,,,,,,,,,,,,
Ranunculus bulbosus,VP,0.5,0.1,,0.5,2,4,1.5,2,0.001,1,2,0.5,0.01,,,,,,,3,,,1.5,2,1,0.2,,0.1,0.1,0.1,1,,0.01,0.01,0.1,0.5,0.1,,,,1,1,,
Ranunculus polyanthemos,VP,1,1.5,6,2,,,,0.2,,2,,3,1,3,2,1,1,1,,,1,0.5,,0.1,,,,0.2,0.1,2,,0.05,1,,,,,1.5,0.5,1,,,0.5,
Ranunculus repens,VP,3,,,,,,,,,,,,,,,,,,,,,,,,,,,,,,,,,,,,,,,,,,,
Rhinanthus minor,VP,,,1,2,,0.1,,,,2,7,1.5,,1.5,,2,1.5,,,0.5,,0.1,0.5,2,4,,,,,0.5,,,,,,0.1,0.5,,0.1,,0.01,,,3
Rhinanthus rumelicus,VP,,,,,,,,,,,,,,4,,,,,,2.5,,0.2,,,0.1,,,,,,,,,,,,,,,,1.2,4,,
Rhinanthus wagneri,VP,,,,,,,,,,,,,,,,,,,,,,,,,,5,0.5,3,,2,0.001,,0.5,0.001,,18,3,1,10,2,,,,
Rorippa pyrenaica,VP,,,,,,,,,,,,0.1,,,,,,,,,,0.01,,,,,,,,,,,,,,,,,,,,,,
Rosa canina,VP,,0.01,,0.001,,,,,,0.001,,,,0.5,0.5,0.001,,,,0.2,,,,0.2,,,,,0.2,,,2,,,,,,,,,2,0.1,0.3,1
Rumex acetosa,VP,0.1,0.001,0.2,2,,,,0.5,,,,0.01,0.1,1,1,,,,,,0.1,0.3,,,,,,,,,,,,,,0.01,,,0.2,0.4,,,,
Rumex acetosella,VP,,,,,,,,,,,,,,,,,,,,,,,,,,,,,,,,,,,,,,,,,,,5,0.1
Rumex conglomeratus,VP,,,,,0.1,,,,,,,,,,,,,,,,,,,,,,,,,,,,,,,0.1,,,,,,,,
Rumex obtusifolius,VP,0.1,,,,,,,,,,,,,,,,,,,,,,,,,,,,,,,,,,,,,,,,,,1,
Sagina procumbens,VP,0.1,,,,,,,,,,,,,,,,,,,,,,,,,,,,,,,,,,,,,,,,,,,
Salvia verticillata,VP,,,,,2,4,0.2,,,0.5,1.5,,,,,,4,,,4,,,,1.5,2,,,0.1,,0.2,2,,,0.5,,,,,,,0.5,,,
Sanguisorba minor,VP,,,,,0.01,0.5,0.2,0.5,0.1,1,0.01,0.05,,,,0.1,0.1,0.1,0.2,0.2,,0.1,0.2,0.5,0.2,3,2,0.3,0.1,0.1,0.3,2,1,2,0.1,0.001,0.02,,,,,,,
Scabiosa columbaria,VP,,0.2,,,,,,,,1,,,,,,,0.1,,,,,,,,,,,0.1,,,0.3,,,0.2,,,,,,,,,,
Scabiosa ochroleuca,VP,,,1,,0.1,0.5,0.3,0.1,,0.3,,0.2,1,0.1,0.1,0.01,0.5,0.5,,0.1,0.5,,0.1,5,2,,0.5,,,1,2,0.1,0.2,0.5,,,0.5,0.5,,,0.2,3,,0.2
Schedonorus pratensis,VP,0.2,0.01,,5,0.5,,,2,,0.5,2.5,0.2,0.5,1,,,,0.2,,,,,,,,0.2,0.2,0.1,0.5,0.2,,,,0.1,,0.5,,0.5,,1,,,2,
Scleranthus annuus,VP,,,,,,,,,,,,,,,,,,,0.001,,,,,,,,,,,,,,,,,,,,,,,,,
Scorzoneroides autumnalis,VP,,,,,,,,,1,,,,0.2,,,0.1,,0.01,,,,,,,,,,,,0.1,,,,,,,,,,,,,,
Securigera varia,VP,,0.05,0.5,1,,2,0.5,1,,0.3,1,,0.5,,,,4,0.5,,3,,3,1,3,,,,3,,1,0.001,,,,0.5,,2,0.5,0.5,20,2,,,
Sedum sexangulare,VP,,0.05,,,,,,,,0.001,,,,0.2,,,,,,0.001,,,,,0.01,,0.2,,,,,,,0.001,,,,,,,0.3,,,
Seseli annuum,VP,,,,,,,,0.01,,1,,,,,,,,,,0.5,,,,,,0.2,1,1,,0.5,3,,3,0.5,0.1,,,,,,1,0.5,,
Solidago virgaurea,VP,,,,,,,,,,,,,,,,,,,,,,,,,,,,,,,,,,,,,,,,,,,,
Stachys germanica,VP,,,,,,,,,,,,,,,,0.5,,,,,,,,,,,,,,,,,,,,,,,,,,,,
Stachys officinalis,VP,,15,0.3,0.3,,2,,8,,,,,18,7,2,,,1,,0.001,1,10,0.05,,,1,0.1,,0.2,,0.3,,5,,0.1,,1,6,5,0.1,,,,2
Stellaria graminea,VP,0.2,0.01,0.1,0.001,,0.01,,1,,,0.1,,0.3,0.5,0.1,0.1,0.1,0.1,,0.001,1,0.5,,,,0.01,0.01,,,,,,,,0.01,0.001,,,,0.1,,,2,1
Symphytum officinale,VP,,,,,,,,,,,,,,,,,,,,,,,,,,,,,,,,,,,,,,,,0.7,,,,
Taraxacum sect. Erythrosperma,VP,,,,,,,,,,,,,,,,,,,,,,,,,,,,,,,,,,,,,,,,,,,,
Taraxacum sect. Taraxacum,VP,5,0.01,0.01,3,10,,0.2,0.5,1,1,3,,,,,,3,2,,,,,,,,,,,0.1,0.5,,,,,0.1,2,1,,,5,,,1,0.3
Teucrium chamaedrys,VP,,,0.2,,,15,25,0.1,,10,,,,,,,0.01,,,,,,2.5,4,,8,2,2,,0.5,3,10,0.5,15,,,,,,,10,1,,
Teucrium montanum,VP,,,,,,,,,,,,,,,,,,,,,,,,,,,0.1,,,,,,,,,,,,,,,,,
Thymus pulegioides subsp. pannonicus,VP,,,,,,,,,1,,,2,,,,,,0.1,7,,,,,,,10,1,10,,4,5,1,6,20,12,,,,0.5,,1,10,,
Thymus pulegioides subsp. pulegioides,VP,0.1,0.01,3.5,,0.1,8,2,4,3,3,4,,1,4,6,6,3,5,7,6,5,5,2,12,13,,,,,0.5,1,2,5,1,1,,,3,,,,1,,5
Tragopogon pratensis subsp. orientalis,VP,,,0.9,3,,0.2,0.2,,,1.5,,0.5,,1,,0.2,0.7,0.2,,0.2,,,0.2,2,1,0.5,,0.5,0.1,0.1,0.2,,,,,1,2,0.1,0.2,1,,1,,
Trifolium alpestre,VP,,,,,,,,3,,,,,,1,,,,1,,,,,,,,,,,,,,,,,,,,,,,,,,
Trifolium campestre,VP,,,,,,,,,,,,,,,,,,,,,0.1,,,,1,,,,,0.2,,,,,,0.1,0.1,,,,,,,
Trifolium dubium,VP,,,,0.01,,,,,,,,0.001,0.001,0.05,0.01,,,0.1,0.01,0.01,,,0.2,,,0.3,0.01,,,0.01,,,,,0.01,,,,,,,0.2,,
Trifolium medium,VP,,,,,,,1,,,,2,,4,5,,1,,0.1,,,2,2,,,,0.2,,,0.2,0.1,,,,,,,,,2,3,,,,
Trifolium montanum,VP,,0.05,2,,,1,0.5,3,0.01,3,,,,,3,4,0.2,0.001,,0.05,,,1,,1.5,2,0.1,0.1,0.5,0.5,1,,1,0.1,3,,,2,2,,1,,,
Trifolium ochroleucon,VP,,0.2,,,,0.05,,0.5,,,,0.001,,2,,0.1,,,,,0.1,,,,,0.5,0.5,,,,1,,0.1,,,,,3,,,7,0.1,,
Trifolium pannonicum,VP,,,,,,,,,,,,,,,,,,,,,,,,,,,,,,,,,,,,,,,8,,,,,
Trifolium pratense,VP,0.5,2,0.02,15,6,0.5,,,,,2,4,3,0.1,0.2,,3,0.1,,,,2,1,0.1,,1,0.5,2,3,4,2,,0.5,,2,5,5,1,0.1,10,,0.3,1,0.2
Trifolium repens,VP,7,0.3,,2,5,,,,3,0.01,2,3,1,1,2.5,,1,2,0.01,0.05,0.5,5,,,,,,0.01,1,0.5,0.1,,,,0.5,2,,,,0.5,,0.1,1,1
Trisetum flavescens,VP,,0.2,0.1,8,10,2,,,,3,3,0.5,,,,,,,,1.5,,,5,2,0.5,0.3,,15,,3,0.01,,,,,20,20,1,,20,,0.5,,
Urtica dioica,VP,,,,,,,,,,,,,,,,,,,,,,,,,,,,,,,,,,,,,,,,,,,,
Valerianella dentata subsp. eriosperma,VP,,0.001,,,,0.001,,,,,,0.001,,,,0.05,0.001,,,0.1,,,0.001,,,,,,,0.1,,,,,,,0.01,,,,,,,
Veronica arvensis,VP,0.1,0.001,,2,0.2,0.01,,,,,0.01,0.01,,0.3,,0.01,,0.001,,0.001,,,,,,,,,0.01,0.001,,,,,,0.2,0.001,,,,,,0.5,
Veronica austriaca,VP,,,,,,,1,,,,,,0.01,0.001,,,,0.2,0.7,,,,0.01,,0.5,0.2,1,0.001,,0.2,3,1,1,0.3,,,1,,,,0.1,0.1,,
Veronica chamaedrys,VP,1,0.2,0.5,1.5,0.5,1.5,,3,,,0.5,0.3,0.1,0.5,1,,0.01,2,,,2,5,0.1,,,,,0.001,0.1,0.5,0.1,,,,,0.5,0.5,,,0.5,,,1,0.3
Veronica officinalis,VP,,,1.1,0.1,,,,,0.1,0.2,0.2,0.05,0.01,,,0.1,0.1,,0.5,,,0.1,,,,,,0.3,,0.5,,,,0.05,,0.3,,,,,,0.2,,
Veronica persica,VP,,,,,,,,,,,,,,,,,,,,,,,,,,,,,,,,,,,,,,,,,,,,
Veronica prostrata,VP,,,,,,1,,,,0.1,0.5,,,,,,0.1,,,,,,,1,0.3,,,,,0.3,0.001,,,,,,,,,,,,,
Veronica serpyllifolia,VP,0.01,0.05,,,,,,,,,,,,,,,,,,,,,,,,,,,,,,,,,,,,,,,,,,
Vicia cracca,VP,,0.2,0.02,10,,,,1,,,0.3,0.3,2,0.1,,,0.1,0.1,,,,,,,0.05,,,0.01,,,0.001,,,,,,,,,3,,,,
Vicia grandiflora,VP,,,,0.3,,,,,,,,,,,,,,,,,,,,,,,,,,,,,,,,,,,,,,,,
Vicia sativa subsp. nigra,VP,0.01,,0.01,2,0.05,0.001,0.1,0.1,,0.001,,0.1,0.01,2,,,,,,0.2,0.01,,0.1,,0.5,,,,,,,,,,,0.1,,,,0.01,,,,
Vincetoxicum hirundinaria,VP,,,,,,,,,,,,,,,,,,,,,,,,,,,,,,,,,,0.001,,,,,,,,,,
Viola canina,VP,,,1.5,,,,,1,0.5,,,0.3,1,4,4,0.2,,3,,,1,0.1,,,,0.1,,,1,,,,0.01,,0.5,,,,0.5,,0.5,,,0.8
Viola hirta,VP,,,0.3,0.5,,,0.5,1.5,,1,0.1,0.1,,0.2,,0.1,1,0.5,0.1,0.1,,,0.2,,,0.5,0.3,,0.3,0.1,0.3,,0.5,,,,0.1,3,2,0.1,0.1,0.2,,
Viola tricolor,VP,,,,,,,,,,,,,,0.1,,,,,,0.01,,,,,,,,,,,,,,,,,,,,,,,1,
Abietinella abietina,B,,0.01,25,,0.01,30,0.4,1,30,50,0.1,,,5,1,20,25,0.5,30,30,25,10,1,35,50,2,5,3,0.1,1,15,10,7,5,1,,5,3,,,7,40,,2
Atrichum undulatum,B,,,,,,,,,,,,,,0.5,,,,,,,,,,,,,,,,,,,,,,,,,,,,,,
Barbula unguiculata,B,,,,,,,,,,,,,,,,,,,,,,,,,,,0.1,,,,,,,,,,,,,,,,,
Brachythecium albicans,B,,0.1,0.01,,13,,0.1,1,10,,,,0.1,0.1,1,,,5,,,0.01,2,,,,,5,,,10,,,3,7,,,,3,0.5,,,,1,2
Brachythecium rutabulum,B,0.1,,0.01,1,5,,,,,,2,,,,,,,,,,,,,,,,,,,,,,,,,3,,,,,,,,
Brachythecium salebrosum,B,,,,,,,,,,,,,,,,,,,,,,,,,,,,,,,,,,,,,,,,,,,,
Brachythecium tommasinii,B,,,,,,,,,,,,,,,,,,,,,,,,,,,,,,,,,,,,,,,,,,,,
Bryum caespiticium,B,,,,,,,,,,,,,,,,,,,,,,,,,,,,,,,,,,0.1,,,,,,,,,,
Bryum moravicum,B,,,,,,,,,,,,,,,,,,,,,,,,,,,,,,,,,,0.1,,,,,,,,,,
Bryum sp.,B,,,,,,,,,,,,,,,,,,,,,,,,,,,,,,,,,,,,,,,,,,,,
Calliergonella cuspidata,B,20,0.1,,,,,,0.1,,,,,9,3,,,,0.5,,,,,,,,,5,0.1,0.1,0.5,,,,,5,,1.5,1,0.5,,,,,
Calliergonella lindbergii,B,,,,,,,,,,,,,0.5,,,,,,,,,,,,,,,,,,,,,,,,,,,,,,,
Campyliadelphus chrysophyllus,B,,,,,,,,,,,,,,,,,,,,,,,,,,,1,,0.1,,,,,,,,,1,1,,0.1,0.1,,
Ceratodon purpureus,B,,,,,,,,,,,,,,,,,,0.001,,,,,,,,,,,,,,,,,,,,,,,,,,
Cirriphyllum piliferum,B,,,,,,,,,,,,,,,,,,,,,,0.1,,,,,,,8,,,,,,,,,,,,,,,
Climacium dendroides,B,,0.1,,,,,,,,,,,,,,0.1,2,0.5,,,,,,,,,,,0.01,,,,,0.1,,,,,,,,,,
Dicranum bonjeanii,B,,,,,,,,,,,,,,,,0.01,,0.1,,,,,,,,,0.01,,,,,,,0.1,0.1,,,,,,,,,
Dicranum polysetum,B,,,,,,,,,,,,,,,,,,,,,,,,,,,,,,,,,,,,,,,,,,,,
Didymodon fallax,B,,,,,,,,,,,,,,,,,,,,,,,,,,,,,0.1,,,,,,,,,,,,,,,
Didymodon sp.,B,,,,,,,,,,,,,,,,,,,,,,,,,,,,,,,,,,1,,,,,,,,,,
Encalypta streptocarpa,B,,,,,,,,,,,,,,,,,,,,,,,,,,,,,,,,,,1,,,,,,,,,,
Entodon concinnus,B,,,,,,0.001,,,0.1,2,1,,,,,0.5,5,,,5,,0.2,,,,,,0.5,,,1,,,,,,2,1,,,,3,,
Fissidens dubius,B,,,,,,,,,,,,,,,,,,,0.01,,,,,,,,0.001,,,,,0.1,,0.1,,,,,,,,0.1,,
Fissidens taxifolius,B,,,,,,,,0.001,,,,,,,,,,,,,,,,,,,,,,,,,,,,,,,,,,,,
Flexitrichum flexicaule,B,,,,,,,,,,,,,,,,,,,,,,,,,,,,,,,,,,2,,,,,,,,,,
Grimmia pulvinata,B,,,,,,,,,,,,,,,,,,,,,,,,,,,,,,,,,,0.1,,,,,,,,,,
Homalothecium lutescens,B,,,,,2,0.001,,,1,,1,,0.1,,,,,,,0.1,,1,1,5,,3,20,,2,10,0.1,,,5,,,,,0.1,,,,,
Homomallium incurvatum,B,,,,,,,,,,,,,,,,,,,,,,,,,,,,,,,,,,5,,,,,,,,,,
Hylocomium splendens,B,,,,,,,,,,,,,,,,,,2,,,,,,,,,,,,,,,,,25,,,,,,,,,
Hypnum cupressiforme,B,,,,,,,,0.1,,,,,,,,,,,,,,,,,,,,,,,,,,,,,,,,,,,,
Hypnum cupressiforme var. lacunosum,B,,,,,,,,,1,2,,,,,,12,3,,1,,,,,,,20,20,,,1,,25,0.5,2,,,,,,,,,,
Oligotrichum hercynicum,B,,,,,,,,,,,,,,,,,,,,,,,,,,,,,,,,,,,,,,,,,,,,
Oxyrrhynchium hians,B,,,,,,,,,,,,,,0.5,,,,,,,,,,,,,,,0.1,,,,,,,0.1,,,,,,,,
Plagiomnium affine,B,,0.01,0.01,,,,,,0.001,,0.1,,0.2,0.1,0.01,,0.5,0.01,,,,0.01,,,,,1,,,,,,,0.5,,,,0.1,0.1,,,,,0.5
Plagiomnium cuspidatum,B,,,,1,,,,,,,0.01,,0.2,,,,0.1,0.01,,,,,,,,1,1,0.5,0.1,0.001,,,,,,,0.5,0.1,,,,,,
Plagiomnium undulatum,B,,,,,,,,,,,,,,,,,,,,,,,,,,,,,,,,,,,,,,,,,,,,
Pleuridium subulatum,B,,0.1,0.01,,,,,,,,,,0.1,,,,,,,,,,,,,,,,,,,,,,,,,,,,,,,
Pleurozium schreberi,B,,,,,,,,,,,,,,,,0.5,,,,,,,,,,,,,,,,,,,,,,,,,,,,2
Pogonatum aloides,B,,,,,,,,,,,,,,,,,,,,,,,,,,,,,,,,,,,,,,,,,,,,
Pohlia annotina,B,,,,,,,,,,,,,,,,,,,,,,,,,,,,,,,,,,,,,,,,,,,,
Pohlia nutans,B,,,,,,,,,,,,,,,,,,,,,,,,,,,,,,,,,,,,,,,,,,,,
Polytrichum perigonale,B,,,,,,,,,,,,,,,,,,,,,,,,,,,,,,,,,,,,,,,,,,,,0.1
Pseudoscleropodium purum,B,,20,,,,,,1,,,,,0.1,2,,0.1,0.1,,,,,,,,,,,,,,,,,,,,,,,,,,,
Ptychostomum rubens (Bryum rubens),B,,,,0.001,,,,,,,,,,,,,,,,,,,,,,,,,,,,,,,,,,,,,,,0.1,
Racomitrium canescens,B,,,,,,,,,,,,,,,,,,,0.05,,,,,,,,,,,,,,,,,,,,,,,,,
Rhytidiadelphus squarrosus,B,,0.5,,,,,,,,,0.1,,0.001,,,,1,1,,,,0.1,,,,1,0.5,,2,,,,,0.1,1,,,,,,,,,2
Rhytidiadelphus triquetrus,B,,,,,,,,,,,,,,,,,,,,,,,,,,,,,,,,,,,20,,,,,,,,,
Rhytidium rugosum,B,,,,,,,,,,1,,,,,,1,,,25,,,,,,,,5,,,,5,5,10,0.5,0.5,,,,,,15,1,,
Schystidium crassipilum,B,,,,,,,,,,,,,,,,,,,0.01,,,0.2,,,,,,,,,,,,0.01,,,,,,,,,,
Steblotrichum convolutum,B,,,,,,,,,,,,,,,,,,,,,,,,,,,,,,,,,,0.1,,,,,,,,,,
Syntrichia ruralis,B,,,,,0.001,,,,,,,,,,,,,,,,,,,,,,,,,,,,,0.1,,,,,,,,,,
Thuidium assimile,B,,25,0.01,,,,,5,30,5,15,1,5,0.1,8,0.5,5,0.5,,2,0.01,0.1,,,,3,2,3,5,1,50,5,0.5,5,0.5,,3,1,0.1,,0.1,1,,2
Thuidium delicatulum,B,,,,,,0.01,,,,,,,,,,0.2,,5,,,,,,,,,,,,,,,,,,,,,,,,,,
Tortella squarrosa,B,,,,,,,,,,,,,,,,,,,,,,,,,,,,,,,,0.01,,,,,,,,,,,,
Tortella tortuosa,B,,,,,,,,,,,,,,,,,,,0.001,,,,,,,,,,,,,,,30,,,,,,,,,,
Weissia sp.,B,,0.01,0.001,0.001,,,,0.01,,,,,,,,,,,,,,,0.001,,,,0.1,,0.01,,,0.01,,0.01,,,,0.01,,,,,,
Cladonia pocillum,L,,,,,,,,,,,,,,,,,,,,,,,,,,,,,,,,,,0.5,,,,,,,,,,
Cladonia furcata,L,,,,,,,,,0.001,0.01,,,,,,,0.001,,2,,,,,,0.01,,0.001,,,,,0.1,,0.5,,,,,,,0.001,,,
